,ID,Sexo,Casado,Dependentes,Educacao,Autonomo,Renda,RendaSocio,ValorEmprestimo,Prazo,Adimplente,AreaPropriedade,Concedido,ValorEmprestimo_log
0,LP001002,1,0,0,1,0,5849,0,120,360,1,2,1,4.787491742782046
1,LP001003,1,1,1,1,0,4583,1508,128,360,1,0,0,4.852030263919617
2,LP001005,1,1,0,1,1,3000,0,66,360,1,2,1,4.189654742026425
3,LP001006,1,1,0,0,0,2583,2358,120,360,1,2,1,4.787491742782046
4,LP001008,1,0,0,1,0,6000,0,141,360,1,2,1,4.948759890378168
5,LP001011,1,1,2,1,1,5417,4196,267,360,1,2,1,5.58724865840025
6,LP001013,1,1,0,0,0,2333,1516,95,360,1,2,1,4.553876891600541
7,LP001014,1,1,3,1,0,3036,2504,158,360,0,1,0,5.062595033026967
8,LP001018,1,1,2,1,0,4006,1526,168,360,1,2,1,5.123963979403259
9,LP001020,1,1,1,1,0,12841,10968,349,360,1,1,0,5.855071922202427
10,LP001024,1,1,2,1,0,3200,700,70,360,1,2,1,4.248495242049359
11,LP001027,1,1,2,1,0,2500,1840,109,360,1,2,1,4.6913478822291435
12,LP001028,1,1,2,1,0,3073,8106,200,360,1,2,1,5.298317366548036
13,LP001029,1,0,0,1,0,1853,2840,114,360,1,0,0,4.736198448394496
14,LP001030,1,1,2,1,0,1299,1086,17,120,1,2,1,2.833213344056216
15,LP001032,1,0,0,1,0,4950,0,125,360,1,2,1,4.8283137373023015
16,LP001034,1,0,1,0,0,3596,0,100,240,1,2,1,4.605170185988092
17,LP001036,0,0,0,1,0,3510,0,76,360,0,2,0,4.330733340286331
18,LP001038,1,1,0,0,0,4887,0,133,360,1,0,0,4.890349128221754
19,LP001041,1,1,0,1,0,2600,3500,115,360,1,2,1,4.74493212836325
20,LP001043,1,1,0,0,0,7660,0,104,360,0,2,0,4.6443908991413725
21,LP001046,1,1,1,1,0,5955,5625,315,360,1,2,1,5.752572638825633
22,LP001047,1,1,0,0,0,2600,1911,116,360,0,1,0,4.7535901911063645
23,LP001050,1,1,2,0,0,3365,1917,112,360,0,0,0,4.718498871295094
24,LP001052,1,1,1,1,0,3717,2925,151,360,1,1,0,5.017279836814924
25,LP001066,1,1,0,1,1,9560,0,191,360,1,1,1,5.25227342804663
26,LP001068,1,1,0,1,0,2799,2253,122,360,1,1,1,4.804021044733257
27,LP001073,1,1,2,0,0,4226,1040,110,360,1,2,1,4.700480365792417
28,LP001086,1,0,0,0,0,1442,0,35,360,1,2,0,3.5553480614894135
29,LP001087,0,0,2,1,0,3750,2083,120,360,1,1,1,4.787491742782046
30,LP001091,1,1,1,1,0,4166,3369,201,360,1,2,0,5.303304908059076
31,LP001095,1,0,0,1,0,3167,0,74,360,1,2,0,4.30406509320417
32,LP001097,1,0,1,1,1,4692,0,106,360,1,0,0,4.663439094112067
33,LP001098,1,1,0,1,0,3500,1667,114,360,1,1,1,4.736198448394496
34,LP001100,1,0,3,1,0,12500,3000,320,360,1,0,0,5.768320995793772
35,LP001106,1,1,0,1,0,2275,2067,120,360,1,2,1,4.787491742782046
36,LP001109,1,1,0,1,0,1828,1330,100,360,0,2,0,4.605170185988092
37,LP001112,0,1,0,1,0,3667,1459,144,360,1,1,1,4.969813299576001
38,LP001114,1,0,0,1,0,4166,7210,184,360,1,2,1,5.214935757608986
39,LP001116,1,0,0,0,0,3748,1668,110,360,1,1,1,4.700480365792417
40,LP001119,1,0,0,1,0,3600,0,80,360,1,2,0,4.382026634673881
41,LP001120,1,0,0,1,0,1800,1213,47,360,1,2,1,3.8501476017100584
42,LP001123,1,1,0,1,0,2400,0,75,360,1,2,1,4.31748811353631
43,LP001131,1,1,0,1,0,3941,2336,134,360,1,1,1,4.897839799950911
44,LP001136,1,1,0,0,1,4695,0,96,360,1,2,1,4.564348191467836
45,LP001137,0,0,0,1,0,3410,0,88,360,1,2,1,4.477336814478207
46,LP001138,1,1,1,1,0,5649,0,44,360,1,2,1,3.784189633918261
47,LP001144,1,1,0,1,0,5821,0,144,360,1,2,1,4.969813299576001
48,LP001146,0,1,0,1,0,2645,3440,120,360,0,2,0,4.787491742782046
49,LP001151,0,0,0,1,0,4000,2275,144,360,1,1,1,4.969813299576001
50,LP001155,0,1,0,0,0,1928,1644,100,360,1,1,1,4.605170185988092
51,LP001157,0,0,0,1,0,3086,0,120,360,1,1,1,4.787491742782046
52,LP001164,0,0,0,1,0,4230,0,112,360,1,1,0,4.718498871295094
53,LP001179,1,1,2,1,0,4616,0,134,360,1,2,0,4.897839799950911
54,LP001186,0,1,1,1,1,11500,0,286,360,0,2,0,5.655991810819852
55,LP001194,1,1,2,1,0,2708,1167,97,360,1,1,1,4.574710978503383
56,LP001195,1,1,0,1,0,2132,1591,96,360,1,1,1,4.564348191467836
57,LP001197,1,1,0,1,0,3366,2200,135,360,1,0,0,4.90527477843843
58,LP001198,1,1,1,1,0,8080,2250,180,360,1,2,1,5.19295685089021
59,LP001199,1,1,2,0,0,3357,2859,144,360,1,2,1,4.969813299576001
60,LP001205,1,1,0,1,0,2500,3796,120,360,1,2,1,4.787491742782046
61,LP001206,1,1,3,1,0,3029,0,99,360,1,2,1,4.59511985013459
62,LP001207,1,1,0,0,1,2609,3449,165,180,0,0,0,5.10594547390058
63,LP001213,1,1,1,1,0,4945,0,120,360,0,0,0,4.787491742782046
64,LP001222,0,0,0,1,0,4166,0,116,360,0,1,0,4.7535901911063645
65,LP001225,1,1,0,1,0,5726,4595,258,360,1,1,0,5.552959584921617
66,LP001228,1,0,0,0,0,3200,2254,126,180,0,2,0,4.836281906951478
67,LP001233,1,1,1,1,0,10750,0,312,360,1,2,1,5.7430031878094825
68,LP001238,1,1,3,0,1,7100,0,125,60,1,2,1,4.8283137373023015
69,LP001241,0,0,0,1,0,4300,0,136,360,0,1,0,4.912654885736052
70,LP001243,1,1,0,1,0,3208,3066,172,360,1,2,1,5.147494476813453
71,LP001245,1,1,2,0,1,1875,1875,97,360,1,1,1,4.574710978503383
72,LP001248,1,0,0,1,0,3500,0,81,300,1,1,1,4.394449154672439
73,LP001250,1,1,3,0,0,4755,0,95,360,0,1,0,4.553876891600541
74,LP001253,1,1,3,1,1,5266,1774,187,360,1,1,1,5.231108616854587
75,LP001255,1,0,0,1,0,3750,0,113,480,1,2,0,4.727387818712341
76,LP001256,1,0,0,1,0,3750,4750,176,360,1,2,0,5.170483995038151
77,LP001259,1,1,1,1,1,1000,3022,110,360,1,2,0,4.700480365792417
78,LP001263,1,1,3,1,0,3167,4000,180,300,0,1,0,5.19295685089021
79,LP001264,1,1,3,0,1,3333,2166,130,360,1,1,1,4.867534450455582
80,LP001265,0,0,0,1,0,3846,0,111,360,1,1,1,4.709530201312334
81,LP001266,1,1,1,1,1,2395,0,120,360,1,1,1,4.787491742782046
82,LP001267,0,1,2,1,0,1378,1881,167,360,1,2,0,5.117993812416755
83,LP001273,1,1,0,1,0,6000,2250,265,360,1,1,0,5.579729825986222
84,LP001275,1,1,1,1,0,3988,0,50,240,1,2,1,3.912023005428146
85,LP001279,1,0,0,1,0,2366,2531,136,360,1,1,1,4.912654885736052
86,LP001280,1,1,2,0,0,3333,2000,99,360,1,1,1,4.59511985013459
87,LP001282,1,1,0,1,0,2500,2118,104,360,1,1,1,4.6443908991413725
88,LP001289,1,0,0,1,0,8566,0,210,360,1,2,1,5.3471075307174685
89,LP001310,1,1,0,1,0,5695,4167,175,360,1,1,1,5.1647859739235145
90,LP001316,1,1,0,1,0,2958,2900,131,360,1,1,1,4.875197323201151
91,LP001318,1,1,2,1,0,6250,5654,188,180,1,1,1,5.236441962829949
92,LP001319,1,1,2,0,0,3273,1820,81,360,1,2,1,4.394449154672439
93,LP001322,1,0,0,1,0,4133,0,122,360,1,1,1,4.804021044733257
94,LP001325,1,0,0,0,0,3620,0,25,120,1,1,1,3.2188758248682006
95,LP001326,1,0,0,1,0,6782,0,120,360,1,2,0,4.787491742782046
96,LP001327,0,1,0,1,0,2484,2302,137,360,1,1,1,4.919980925828125
97,LP001333,1,1,0,1,0,1977,997,50,360,1,1,1,3.912023005428146
98,LP001334,1,1,0,0,0,4188,0,115,180,1,1,1,4.74493212836325
99,LP001343,1,1,0,1,0,1759,3541,131,360,1,1,1,4.875197323201151
100,LP001345,1,1,2,0,0,4288,3263,133,180,1,2,1,4.890349128221754
101,LP001349,1,0,0,1,0,4843,3806,151,360,1,1,1,5.017279836814924
102,LP001350,1,1,0,1,0,13650,0,120,360,1,2,1,4.787491742782046
103,LP001356,1,1,0,1,0,4652,3583,120,360,1,1,1,4.787491742782046
104,LP001357,1,1,0,1,0,3816,754,160,360,1,2,1,5.075173815233827
105,LP001367,1,1,1,1,0,3052,1030,100,360,1,2,1,4.605170185988092
106,LP001369,1,1,2,1,0,11417,1126,225,360,1,2,1,5.41610040220442
107,LP001370,1,0,0,0,0,7333,0,120,360,1,0,0,4.787491742782046
108,LP001379,1,1,2,1,0,3800,3600,216,360,0,2,0,5.375278407684165
109,LP001384,1,1,3,0,0,2071,754,94,480,1,1,1,4.543294782270004
110,LP001385,1,0,0,1,0,5316,0,136,360,1,2,1,4.912654885736052
111,LP001387,0,1,0,1,0,2929,2333,139,360,1,1,1,4.9344739331306915
112,LP001391,1,1,0,0,0,3572,4114,152,360,0,0,0,5.0238805208462765
113,LP001392,0,0,1,1,1,7451,0,120,360,1,1,1,4.787491742782046
114,LP001398,1,0,0,1,0,5050,0,118,360,1,1,1,4.770684624465665
115,LP001401,1,1,1,1,0,14583,0,185,180,1,0,1,5.220355825078324
116,LP001404,0,1,0,1,0,3167,2283,154,360,1,1,1,5.0369526024136295
117,LP001405,1,1,1,1,0,2214,1398,85,360,1,2,1,4.442651256490317
118,LP001421,1,1,0,1,0,5568,2142,175,360,1,0,0,5.1647859739235145
119,LP001422,0,0,0,1,0,10408,0,259,360,1,2,1,5.556828061699537
120,LP001426,1,1,0,1,0,5667,2667,180,360,1,0,1,5.19295685089021
121,LP001430,0,0,0,1,0,4166,0,44,360,1,1,1,3.784189633918261
122,LP001431,0,0,0,1,0,2137,8980,137,360,0,1,1,4.919980925828125
123,LP001432,1,1,2,1,0,2957,0,81,360,1,1,1,4.394449154672439
124,LP001439,1,1,0,0,0,4300,2014,194,360,1,0,1,5.267858159063328
125,LP001443,0,0,0,1,0,3692,0,93,360,1,0,1,4.532599493153256
126,LP001448,1,1,3,1,0,23803,0,370,360,1,0,1,5.91350300563827
127,LP001449,1,0,0,1,0,3865,1640,120,360,1,0,1,4.787491742782046
128,LP001451,1,1,1,1,1,10513,3850,160,180,0,2,0,5.075173815233827
129,LP001465,1,1,0,1,0,6080,2569,182,360,1,0,0,5.204006687076795
130,LP001469,1,0,0,1,1,20166,0,650,480,1,2,1,6.476972362889683
131,LP001473,1,0,0,1,0,2014,1929,74,360,1,2,1,4.30406509320417
132,LP001478,1,0,0,1,0,2718,0,70,360,1,1,1,4.248495242049359
133,LP001482,1,1,0,1,1,3459,0,25,120,1,1,1,3.2188758248682006
134,LP001487,1,0,0,1,0,4895,0,102,360,1,1,1,4.624972813284271
135,LP001488,1,1,3,1,0,4000,7750,290,360,1,1,0,5.66988092298052
136,LP001489,0,1,0,1,0,4583,0,84,360,1,0,0,4.430816798843313
137,LP001491,1,1,2,1,1,3316,3500,88,360,1,2,1,4.477336814478207
138,LP001492,1,0,0,1,0,14999,0,242,360,0,1,0,5.488937726156687
139,LP001493,1,1,2,0,0,4200,1430,129,360,1,0,0,4.859812404361672
140,LP001497,1,1,2,1,0,5042,2083,185,360,1,0,0,5.220355825078324
141,LP001498,1,0,0,1,0,5417,0,168,360,1,2,1,5.123963979403259
142,LP001504,1,0,0,1,1,6950,0,175,180,1,1,1,5.1647859739235145
143,LP001507,1,1,0,1,0,2698,2034,122,360,1,1,1,4.804021044733257
144,LP001508,1,1,2,1,0,11757,0,187,180,1,2,1,5.231108616854587
145,LP001514,0,1,0,1,0,2330,4486,100,360,1,1,1,4.605170185988092
146,LP001516,0,1,2,1,0,14866,0,70,360,1,2,1,4.248495242049359
147,LP001518,1,1,1,1,0,1538,1425,30,360,1,2,1,3.4011973816621555
148,LP001519,0,0,0,1,0,10000,1666,225,360,1,0,0,5.41610040220442
149,LP001520,1,1,0,1,0,4860,830,125,360,1,1,1,4.8283137373023015
150,LP001528,1,0,0,1,0,6277,0,118,360,0,0,0,4.770684624465665
151,LP001529,1,1,0,1,1,2577,3750,152,360,1,0,1,5.0238805208462765
152,LP001531,1,0,0,1,0,9166,0,244,360,1,2,0,5.497168225293202
153,LP001532,1,1,2,0,0,2281,0,113,360,1,0,0,4.727387818712341
154,LP001535,1,0,0,1,0,3254,0,50,360,1,2,1,3.912023005428146
155,LP001536,1,1,3,1,0,39999,0,600,180,0,1,1,6.396929655216146
156,LP001541,1,1,1,1,0,6000,0,160,360,1,0,1,5.075173815233827
157,LP001543,1,1,1,1,0,9538,0,187,360,1,2,1,5.231108616854587
158,LP001546,1,0,0,1,0,2980,2083,120,360,1,0,1,4.787491742782046
159,LP001552,1,1,0,1,0,4583,5625,255,360,1,1,1,5.541263545158426
160,LP001560,1,1,0,0,0,1863,1041,98,360,1,1,1,4.584967478670572
161,LP001562,1,1,0,1,0,7933,0,275,360,1,2,0,5.616771097666572
162,LP001565,1,1,1,1,0,3089,1280,121,360,0,1,0,4.795790545596741
163,LP001570,1,1,2,1,0,4167,1447,158,360,1,0,1,5.062595033026967
164,LP001572,1,1,0,1,0,9323,0,75,180,1,2,1,4.31748811353631
165,LP001574,1,1,0,1,0,3707,3166,182,360,1,0,1,5.204006687076795
166,LP001577,0,1,0,1,0,4583,0,112,360,1,0,0,4.718498871295094
167,LP001578,1,1,0,1,0,2439,3333,129,360,1,0,1,4.859812404361672
168,LP001579,1,0,0,1,0,2237,0,63,480,0,1,0,4.143134726391533
169,LP001580,1,1,2,1,0,8000,0,200,360,1,1,1,5.298317366548036
170,LP001581,1,1,0,0,0,1820,1769,95,360,1,0,1,4.553876891600541
171,LP001585,1,1,3,1,0,51763,0,700,300,1,2,1,6.551080335043404
172,LP001586,1,1,3,0,0,3522,0,81,180,1,0,0,4.394449154672439
173,LP001594,1,1,0,1,0,5708,5625,187,360,1,1,1,5.231108616854587
174,LP001603,1,1,0,0,1,4344,736,87,360,1,1,0,4.465908118654584
175,LP001606,1,1,0,1,0,3497,1964,116,360,1,0,1,4.7535901911063645
176,LP001608,1,1,2,1,0,2045,1619,101,360,1,0,1,4.61512051684126
177,LP001610,1,1,3,1,0,5516,11300,495,360,0,1,0,6.20455776256869
178,LP001616,1,1,1,1,0,3750,0,116,360,1,1,1,4.7535901911063645
179,LP001630,1,0,0,0,0,2333,1451,102,480,0,2,0,4.624972813284271
180,LP001633,1,1,1,1,0,6400,7250,180,360,0,2,0,5.19295685089021
181,LP001634,1,0,0,1,0,1916,5063,67,360,1,0,0,4.204692619390966
182,LP001636,1,1,0,1,0,4600,0,73,180,1,1,1,4.290459441148391
183,LP001637,1,1,1,1,0,33846,0,260,360,1,1,0,5.560681631015528
184,LP001639,0,1,0,1,0,3625,0,108,360,1,1,1,4.68213122712422
185,LP001640,1,1,0,1,1,39147,4750,120,360,1,1,1,4.787491742782046
186,LP001641,1,1,1,1,1,2178,0,66,300,0,0,0,4.189654742026425
187,LP001643,1,1,0,1,0,2383,2138,58,360,1,0,1,4.060443010546419
188,LP001644,1,1,0,1,1,674,5296,168,360,1,0,1,5.123963979403259
189,LP001647,1,1,0,1,0,9328,0,188,180,1,0,1,5.236441962829949
190,LP001653,1,0,0,0,0,4885,0,48,360,1,0,1,3.871201010907891
191,LP001656,1,0,0,1,0,12000,0,164,360,1,1,0,5.099866427824199
192,LP001657,1,1,0,0,0,6033,0,160,360,1,2,0,5.075173815233827
193,LP001658,1,0,0,1,0,3858,0,76,360,1,1,1,4.330733340286331
194,LP001664,1,0,0,1,0,4191,0,120,360,1,0,1,4.787491742782046
195,LP001665,1,1,1,1,0,3125,2583,170,360,1,1,0,5.135798437050262
196,LP001666,1,0,0,1,0,8333,3750,187,360,1,0,1,5.231108616854587
197,LP001669,0,0,0,0,0,1907,2365,120,360,1,2,1,4.787491742782046
198,LP001671,0,1,0,1,0,3416,2816,113,360,1,1,1,4.727387818712341
199,LP001673,1,0,0,1,1,11000,0,83,360,1,2,0,4.418840607796598
200,LP001674,1,1,1,0,0,2600,2500,90,360,1,1,1,4.499809670330265
201,LP001677,1,0,2,1,0,4923,0,166,360,0,1,1,5.111987788356544
202,LP001682,1,1,3,0,0,3992,0,120,180,1,2,0,4.787491742782046
203,LP001688,1,1,1,0,0,3500,1083,135,360,1,2,1,4.90527477843843
204,LP001691,1,1,2,0,0,3917,0,124,360,1,1,1,4.820281565605037
205,LP001692,0,0,0,0,0,4408,0,120,360,1,1,1,4.787491742782046
206,LP001693,0,0,0,1,0,3244,0,80,360,1,2,1,4.382026634673881
207,LP001698,1,0,0,0,0,3975,2531,55,360,1,0,1,4.007333185232471
208,LP001699,1,0,0,1,0,2479,0,59,360,1,2,1,4.07753744390572
209,LP001702,1,0,0,1,0,3418,0,127,360,1,1,0,4.844187086458591
210,LP001708,0,0,0,1,0,10000,0,214,360,1,1,0,5.365976015021851
211,LP001711,1,1,3,1,0,3430,1250,128,360,0,1,0,4.852030263919617
212,LP001713,1,1,1,1,1,7787,0,240,360,1,2,1,5.480638923341991
213,LP001715,1,1,3,0,1,5703,0,130,360,1,0,1,4.867534450455582
214,LP001716,1,1,0,1,0,3173,3021,137,360,1,2,1,4.919980925828125
215,LP001720,1,1,3,0,0,3850,983,100,360,1,1,1,4.605170185988092
216,LP001722,1,1,0,1,0,150,1800,135,360,1,0,0,4.90527477843843
217,LP001726,1,1,0,1,0,3727,1775,131,360,1,1,1,4.875197323201151
218,LP001732,1,1,2,1,0,5000,0,72,360,0,1,0,4.276666119016055
219,LP001734,0,1,2,1,0,4283,2383,127,360,1,1,1,4.844187086458591
220,LP001736,1,1,0,1,0,2221,0,60,360,0,2,0,4.0943445622221
221,LP001743,1,1,2,1,0,4009,1717,116,360,1,1,1,4.7535901911063645
222,LP001744,1,0,0,1,0,2971,2791,144,360,1,1,1,4.969813299576001
223,LP001749,1,1,0,1,0,7578,1010,175,360,1,1,1,5.1647859739235145
224,LP001750,1,1,0,1,0,6250,0,128,360,1,1,1,4.852030263919617
225,LP001751,1,1,0,1,0,3250,0,170,360,1,0,0,5.135798437050262
226,LP001754,1,1,0,0,1,4735,0,138,360,1,2,0,4.927253685157205
227,LP001758,1,1,2,1,0,6250,1695,210,360,1,1,1,5.3471075307174685
228,LP001760,1,1,0,1,0,4758,0,158,480,1,1,1,5.062595033026967
229,LP001761,1,0,0,1,1,6400,0,200,360,1,0,1,5.298317366548036
230,LP001765,1,1,1,1,0,2491,2054,104,360,1,1,1,4.6443908991413725
231,LP001768,1,1,0,1,0,3716,0,42,180,1,0,1,3.7376696182833684
232,LP001770,1,0,0,0,0,3189,2598,120,360,1,0,1,4.787491742782046
233,LP001776,0,0,0,1,0,8333,0,280,360,1,1,1,5.634789603169249
234,LP001778,1,1,1,1,0,3155,1779,140,360,1,1,1,4.941642422609304
235,LP001784,1,1,1,1,0,5500,1260,170,360,1,0,1,5.135798437050262
236,LP001786,1,1,0,1,0,5746,0,255,360,1,2,0,5.541263545158426
237,LP001788,0,0,0,1,1,3463,0,122,360,1,2,1,4.804021044733257
238,LP001790,0,0,1,1,0,3812,0,112,360,1,0,1,4.718498871295094
239,LP001792,1,1,1,1,0,3315,0,96,360,1,1,1,4.564348191467836
240,LP001798,1,1,2,1,0,5819,5000,120,360,1,0,1,4.787491742782046
241,LP001800,1,1,1,0,0,2510,1983,140,180,1,2,0,4.941642422609304
242,LP001806,1,0,0,1,0,2965,5701,155,60,1,2,1,5.043425116919247
243,LP001807,1,1,2,1,1,6250,1300,108,360,1,0,1,4.68213122712422
244,LP001811,1,1,0,0,0,3406,4417,123,360,1,1,1,4.812184355372417
245,LP001813,1,0,0,1,1,6050,4333,120,180,1,2,0,4.787491742782046
246,LP001814,1,1,2,1,0,9703,0,112,360,1,2,1,4.718498871295094
247,LP001819,1,1,1,0,0,6608,0,137,180,1,2,1,4.919980925828125
248,LP001824,1,1,1,1,0,2882,1843,123,480,1,1,1,4.812184355372417
249,LP001825,1,1,0,1,0,1809,1868,90,360,1,2,1,4.499809670330265
250,LP001835,1,1,0,0,0,1668,3890,201,360,0,1,0,5.303304908059076
251,LP001836,0,0,2,1,0,3427,0,138,360,1,2,0,4.927253685157205
252,LP001841,1,0,0,0,1,2583,2167,104,360,1,0,1,4.6443908991413725
253,LP001843,1,1,1,0,0,2661,7101,279,180,1,1,1,5.631211781821365
254,LP001844,1,0,0,1,1,16250,0,192,360,0,2,0,5.2574953720277815
255,LP001846,0,0,3,1,0,3083,0,255,360,1,0,1,5.541263545158426
256,LP001849,1,0,0,0,0,6045,0,115,360,0,0,0,4.74493212836325
257,LP001854,1,1,3,1,0,5250,0,94,360,1,2,0,4.543294782270004
258,LP001859,1,1,0,1,0,14683,2100,304,360,1,0,0,5.717027701406222
259,LP001864,1,1,3,0,0,4931,0,128,360,1,1,0,4.852030263919617
260,LP001865,1,1,1,1,0,6083,4250,330,360,1,2,1,5.799092654460526
261,LP001868,1,0,0,1,0,2060,2209,134,360,1,1,1,4.897839799950911
262,LP001870,0,0,1,1,0,3481,0,155,36,1,1,0,5.043425116919247
263,LP001871,0,0,0,1,0,7200,0,120,360,1,0,1,4.787491742782046
264,LP001872,1,0,0,1,1,5166,0,128,360,1,1,1,4.852030263919617
265,LP001875,1,0,0,1,0,4095,3447,151,360,1,0,1,5.017279836814924
266,LP001877,1,1,2,1,0,4708,1387,150,360,1,1,1,5.0106352940962555
267,LP001882,1,1,3,1,0,4333,1811,160,360,0,2,1,5.075173815233827
268,LP001883,0,0,0,1,0,3418,0,135,360,1,0,0,4.90527477843843
269,LP001884,0,0,1,1,0,2876,1560,90,360,1,2,1,4.499809670330265
270,LP001888,0,0,0,1,0,3237,0,30,360,1,2,1,3.4011973816621555
271,LP001891,1,1,0,1,0,11146,0,136,360,1,2,1,4.912654885736052
272,LP001892,1,0,0,1,0,2833,1857,126,360,1,0,1,4.836281906951478
273,LP001894,1,1,0,1,0,2620,2223,150,360,1,1,1,5.0106352940962555
274,LP001896,1,1,2,1,0,3900,0,90,360,1,1,1,4.499809670330265
275,LP001900,1,1,1,1,0,2750,1842,115,360,1,1,1,4.74493212836325
276,LP001903,1,1,0,1,0,3993,3274,207,360,1,1,1,5.332718793265369
277,LP001904,1,1,0,1,0,3103,1300,80,360,1,2,1,4.382026634673881
278,LP001907,1,1,0,1,0,14583,0,436,360,1,1,1,6.077642243349034
279,LP001908,0,1,0,0,0,4100,0,124,360,1,0,1,4.820281565605037
280,LP001910,1,0,1,0,1,4053,2426,158,360,0,2,0,5.062595033026967
281,LP001914,1,1,0,1,0,3927,800,112,360,1,1,1,4.718498871295094
282,LP001915,1,1,2,1,0,2301,9857999878,78,180,1,2,1,4.356708826689592
283,LP001917,0,0,0,1,0,1811,1666,54,360,1,2,1,3.9889840465642745
284,LP001922,1,1,0,1,0,20667,0,120,360,1,0,0,4.787491742782046
285,LP001924,1,0,0,1,0,3158,3053,89,360,1,0,1,4.48863636973214
286,LP001925,0,0,0,1,1,2600,1717,99,300,1,1,0,4.59511985013459
287,LP001926,1,1,0,1,0,3704,2000,120,360,1,0,1,4.787491742782046
288,LP001931,0,0,0,1,0,4124,0,115,360,1,1,1,4.74493212836325
289,LP001935,1,0,0,1,0,9508,0,187,360,1,0,1,5.231108616854587
290,LP001936,1,1,0,1,0,3075,2416,139,360,1,0,1,4.9344739331306915
291,LP001938,1,1,2,1,0,4400,0,127,360,0,1,0,4.844187086458591
292,LP001940,1,1,2,1,0,3153,1560,134,360,1,2,1,4.897839799950911
293,LP001945,0,0,0,1,0,5417,0,143,480,0,2,0,4.962844630259907
294,LP001947,1,1,0,1,0,2383,3334,172,360,1,1,1,5.147494476813453
295,LP001949,1,1,3,1,0,4416,1250,110,360,1,2,1,4.700480365792417
296,LP001953,1,1,1,1,0,6875,0,200,360,1,1,1,5.298317366548036
297,LP001954,0,1,1,1,0,4666,0,135,360,1,2,1,4.90527477843843
298,LP001955,0,0,0,1,0,5000,2541,151,480,1,0,0,5.017279836814924
299,LP001963,1,1,1,1,0,2014,2925,113,360,1,2,0,4.727387818712341
300,LP001964,1,1,0,0,0,1800,2934,93,360,0,2,0,4.532599493153256
301,LP001972,1,1,0,0,0,2875,1750,105,360,1,1,1,4.653960350157523
302,LP001974,0,0,0,1,0,5000,0,132,360,1,0,1,4.882801922586371
303,LP001977,1,1,1,1,0,1625,1803,96,360,1,2,1,4.564348191467836
304,LP001978,1,0,0,1,0,4000,2500,140,360,1,0,1,4.941642422609304
305,LP001990,1,0,0,0,0,2000,0,120,360,1,2,0,4.787491742782046
306,LP001993,0,0,0,1,0,3762,1666,135,360,1,0,1,4.90527477843843
307,LP001994,0,0,0,1,0,2400,1863,104,360,0,2,0,4.6443908991413725
308,LP001996,1,0,0,1,0,20233,0,480,360,1,0,0,6.173786103901937
309,LP001998,1,1,2,0,0,7667,0,185,360,1,0,1,5.220355825078324
310,LP002002,0,0,0,1,0,2917,0,84,360,1,1,1,4.430816798843313
311,LP002004,1,0,0,0,0,2927,2405,111,360,1,1,1,4.709530201312334
312,LP002006,0,0,0,1,0,2507,0,56,360,1,0,1,4.02535169073515
313,LP002008,1,1,2,1,1,5746,0,144,84,1,0,1,4.969813299576001
314,LP002024,1,1,0,1,0,2473,1843,159,360,1,0,0,5.0689042022202315
315,LP002031,1,1,1,0,0,3399,1640,111,180,1,2,1,4.709530201312334
316,LP002035,1,1,2,1,0,3717,0,120,360,1,1,1,4.787491742782046
317,LP002036,1,1,0,1,0,2058,2134,88,360,1,2,1,4.477336814478207
318,LP002043,0,0,1,1,0,3541,0,112,360,1,1,1,4.718498871295094
319,LP002050,1,1,1,1,1,10000,0,155,360,1,0,0,5.043425116919247
320,LP002051,1,1,0,1,0,2400,2167,115,360,1,1,1,4.74493212836325
321,LP002053,1,1,3,1,0,4342,189,124,360,1,1,1,4.820281565605037
322,LP002054,1,1,2,0,0,3601,1590,120,360,1,0,1,4.787491742782046
323,LP002055,0,0,0,1,0,3166,2985,132,360,1,0,1,4.882801922586371
324,LP002065,1,1,3,1,0,15000,0,300,360,1,0,1,5.703782474656201
325,LP002067,1,1,1,1,1,8666,4983,376,360,0,0,0,5.929589143389895
326,LP002068,1,0,0,1,0,4917,0,130,360,0,0,1,4.867534450455582
327,LP002082,1,1,0,1,1,5818,2160,184,360,1,1,1,5.214935757608986
328,LP002086,0,1,0,1,0,4333,2451,110,360,1,2,0,4.700480365792417
329,LP002087,0,0,0,1,0,2500,0,67,360,1,2,1,4.204692619390966
330,LP002097,1,0,1,1,0,4384,1793,117,360,1,2,1,4.762173934797756
331,LP002098,1,0,0,1,0,2935,0,98,360,1,1,1,4.584967478670572
332,LP002100,1,0,0,1,0,2833,0,71,360,1,2,1,4.2626798770413155
333,LP002101,1,1,0,1,0,63337,0,490,180,1,2,1,6.194405391104672
334,LP002103,1,1,1,1,1,9833,1833,182,180,1,2,1,5.204006687076795
335,LP002106,1,1,0,1,1,5503,4490,70,360,1,1,1,4.248495242049359
336,LP002110,1,1,1,1,0,5250,688,160,360,1,0,1,5.075173815233827
337,LP002112,1,1,2,1,1,2500,4600,176,360,1,0,1,5.170483995038151
338,LP002113,0,0,3,0,0,1830,0,120,360,0,2,0,4.787491742782046
339,LP002114,0,0,0,1,0,4160,0,71,360,1,1,1,4.2626798770413155
340,LP002115,1,1,3,0,0,2647,1587,173,360,1,0,0,5.153291594497779
341,LP002116,0,0,0,1,0,2378,0,46,360,1,0,0,3.828641396489095
342,LP002119,1,1,1,0,0,4554,1229,158,360,1,2,1,5.062595033026967
343,LP002126,1,1,3,0,0,3173,0,74,360,1,1,1,4.30406509320417
344,LP002128,1,1,2,1,0,2583,2330,125,360,1,0,1,4.8283137373023015
345,LP002129,1,1,0,1,0,2499,2458,160,360,1,1,1,5.075173815233827
346,LP002130,1,1,0,0,0,3523,3230,152,360,0,0,0,5.0238805208462765
347,LP002131,1,1,2,0,0,3083,2168,126,360,1,2,1,4.836281906951478
348,LP002137,1,1,0,1,0,6333,4583,259,360,1,1,1,5.556828061699537
349,LP002138,1,1,0,1,0,2625,6250,187,360,1,0,1,5.231108616854587
350,LP002139,1,1,0,1,0,9083,0,228,360,1,1,1,5.429345628954441
351,LP002140,1,0,0,1,0,8750,4167,308,360,1,0,0,5.730099782973574
352,LP002141,1,1,3,1,0,2666,2083,95,360,1,0,1,4.553876891600541
353,LP002142,0,1,0,1,1,5500,0,105,360,0,0,0,4.653960350157523
354,LP002143,0,1,0,1,0,2423,505,130,360,1,1,1,4.867534450455582
355,LP002144,0,0,0,1,0,3813,0,116,180,1,2,1,4.7535901911063645
356,LP002149,1,1,2,1,0,8333,3167,165,360,1,0,1,5.10594547390058
357,LP002151,1,1,1,1,0,3875,0,67,360,1,2,0,4.204692619390966
358,LP002158,1,1,0,0,0,3000,1666,100,480,0,2,0,4.605170185988092
359,LP002160,1,1,3,1,0,5167,3167,200,360,1,1,1,5.298317366548036
360,LP002161,0,0,1,1,0,4723,0,81,360,1,1,0,4.394449154672439
361,LP002170,1,1,2,1,0,5000,3667,236,360,1,1,1,5.4638318050256105
362,LP002175,1,1,0,1,0,4750,2333,130,360,1,2,1,4.867534450455582
363,LP002178,1,1,0,1,0,3013,3033,95,300,1,2,1,4.553876891600541
364,LP002180,1,0,0,1,1,6822,0,141,360,1,0,1,4.948759890378168
365,LP002181,1,0,0,0,0,6216,0,133,360,1,0,0,4.890349128221754
366,LP002187,1,0,0,1,0,2500,0,96,480,1,1,0,4.564348191467836
367,LP002188,1,0,0,1,0,5124,0,124,360,0,0,0,4.820281565605037
368,LP002190,1,1,1,1,0,6325,0,175,360,1,1,1,5.1647859739235145
369,LP002191,1,1,0,1,0,19730,5266,570,360,1,0,0,6.345636360828596
370,LP002194,0,0,0,1,1,15759,0,55,360,1,1,1,4.007333185232471
371,LP002197,1,1,2,1,0,5185,0,155,360,1,1,1,5.043425116919247
372,LP002201,1,1,2,1,1,9323,7873,380,300,1,0,1,5.940171252720432
373,LP002205,1,0,1,1,0,3062,1987,111,180,0,2,0,4.709530201312334
374,LP002209,0,0,0,1,0,2764,1459,110,360,1,2,1,4.700480365792417
375,LP002211,1,1,0,1,0,4817,923,120,180,1,2,1,4.787491742782046
376,LP002219,1,1,3,1,0,8750,4996,130,360,1,0,1,4.867534450455582
377,LP002223,1,1,0,1,0,4310,0,130,360,1,1,1,4.867534450455582
378,LP002224,1,0,0,1,0,3069,0,71,480,1,2,0,4.2626798770413155
379,LP002225,1,1,2,1,0,5391,0,130,360,1,2,1,4.867534450455582
380,LP002226,1,1,0,1,0,3333,2500,128,360,1,1,1,4.852030263919617
381,LP002229,1,0,0,1,0,5941,4232,296,360,1,1,1,5.69035945432406
382,LP002231,0,0,0,1,0,6000,0,156,360,1,2,1,5.049856007249537
383,LP002234,1,0,0,1,1,7167,0,128,360,1,2,1,4.852030263919617
384,LP002236,1,1,2,1,0,4566,0,100,360,1,2,0,4.605170185988092
385,LP002237,1,0,1,1,0,3667,0,113,180,1,2,1,4.727387818712341
386,LP002239,1,0,0,0,0,2346,1600,132,360,1,1,1,4.882801922586371
387,LP002243,1,1,0,0,0,3010,3136,120,360,0,2,0,4.787491742782046
388,LP002244,1,1,0,1,0,2333,2417,136,360,1,2,1,4.912654885736052
389,LP002250,1,1,0,1,0,5488,0,125,360,1,0,1,4.8283137373023015
390,LP002255,1,0,3,1,0,9167,0,185,360,1,0,1,5.220355825078324
391,LP002262,1,1,3,1,0,9504,0,275,360,1,0,1,5.616771097666572
392,LP002263,1,1,0,1,0,2583,2115,120,360,1,2,1,4.787491742782046
393,LP002265,1,1,2,0,0,1993,1625,113,180,1,1,1,4.727387818712341
394,LP002266,1,1,2,1,0,3100,1400,113,360,1,2,1,4.727387818712341
395,LP002272,1,1,2,1,0,3276,484,135,360,1,1,1,4.90527477843843
396,LP002277,0,0,0,1,0,3180,0,71,360,0,2,0,4.2626798770413155
397,LP002281,1,1,0,1,0,3033,1459,95,360,1,2,1,4.553876891600541
398,LP002284,1,0,0,0,0,3902,1666,109,360,1,0,1,4.6913478822291435
399,LP002287,0,0,0,1,0,1500,1800,103,360,0,1,0,4.634728988229636
400,LP002288,1,1,2,0,0,2889,0,45,180,0,2,0,3.8066624897703196
401,LP002296,1,0,0,0,0,2755,0,65,300,1,0,0,4.174387269895637
402,LP002297,1,0,0,1,0,2500,20000,103,360,1,1,1,4.634728988229636
403,LP002300,0,0,0,0,0,1963,0,53,360,1,1,1,3.970291913552122
404,LP002301,0,0,0,1,1,7441,0,194,360,1,0,0,5.267858159063328
405,LP002305,0,0,0,1,0,4547,0,115,360,1,1,1,4.74493212836325
406,LP002308,1,1,0,0,0,2167,2400,115,360,1,2,1,4.74493212836325
407,LP002314,0,0,0,0,0,2213,0,66,360,1,0,1,4.189654742026425
408,LP002315,1,1,1,1,0,8300,0,152,300,0,1,0,5.0238805208462765
409,LP002317,1,1,3,1,0,81000,0,360,360,0,0,0,5.886104031450156
410,LP002318,0,0,1,0,1,3867,0,62,360,1,1,0,4.127134385045092
411,LP002319,1,1,0,1,0,6256,0,160,360,1,2,1,5.075173815233827
412,LP002328,1,1,0,0,0,6096,0,218,360,0,0,0,5.384495062789089
413,LP002332,1,1,0,0,0,2253,2033,110,360,1,0,1,4.700480365792417
414,LP002335,0,1,0,0,0,2149,3237,178,360,0,1,0,5.181783550292085
415,LP002337,0,0,0,1,0,2995,0,60,360,1,2,1,4.0943445622221
416,LP002341,0,0,1,1,0,2600,0,160,360,1,2,0,5.075173815233827
417,LP002342,1,1,2,1,1,1600,20000,239,360,1,2,0,5.476463551931511
418,LP002345,1,1,0,1,0,1025,2773,112,360,1,0,1,4.718498871295094
419,LP002347,1,1,0,1,0,3246,1417,138,360,1,1,1,4.927253685157205
420,LP002348,1,1,0,1,0,5829,0,138,360,1,0,1,4.927253685157205
421,LP002357,0,0,0,0,0,2720,0,80,360,0,2,0,4.382026634673881
422,LP002361,1,1,0,1,0,1820,1719,100,360,1,2,1,4.605170185988092
423,LP002362,1,1,1,1,0,7250,1667,110,360,0,2,0,4.700480365792417
424,LP002364,1,1,0,1,0,14880,0,96,360,1,1,1,4.564348191467836
425,LP002366,1,1,0,1,0,2666,4300,121,360,1,0,1,4.795790545596741
426,LP002367,0,0,1,0,0,4606,0,81,360,1,0,0,4.394449154672439
427,LP002368,1,1,2,1,0,5935,0,133,360,1,1,1,4.890349128221754
428,LP002369,1,1,0,1,0,2920,1612000084,87,360,1,0,1,4.465908118654584
429,LP002370,1,0,0,0,0,2717,0,60,180,1,2,1,4.0943445622221
430,LP002377,0,0,1,1,1,8624,0,150,360,1,1,1,5.0106352940962555
431,LP002379,1,0,0,1,0,6500,0,105,360,0,0,0,4.653960350157523
432,LP002386,1,0,0,1,0,12876,0,405,360,1,1,1,6.003887067106539
433,LP002387,1,1,0,1,0,2425,2340,143,360,1,1,1,4.962844630259907
434,LP002390,1,0,0,1,0,3750,0,100,360,1,2,1,4.605170185988092
435,LP002393,0,1,0,1,0,10047,0,120,240,1,1,1,4.787491742782046
436,LP002398,1,0,0,1,0,1926,1851,50,360,1,1,1,3.912023005428146
437,LP002401,1,1,0,1,0,2213,1125,120,360,1,2,1,4.787491742782046
438,LP002403,1,0,0,1,1,10416,0,187,360,0,2,0,5.231108616854587
439,LP002407,0,1,0,0,1,7142,0,138,360,1,0,1,4.927253685157205
440,LP002408,1,0,0,1,0,3660,5064,187,360,1,1,1,5.231108616854587
441,LP002409,1,1,0,1,0,7901,1833,180,360,1,0,1,5.19295685089021
442,LP002418,1,0,3,0,0,4707,1993,148,360,1,1,1,4.997212273764115
443,LP002422,1,0,1,1,0,37719,0,152,360,1,1,1,5.0238805208462765
444,LP002424,1,1,0,1,0,7333,8333,175,300,1,0,1,5.1647859739235145
445,LP002429,1,1,1,1,1,3466,1210,130,360,1,0,1,4.867534450455582
446,LP002434,1,1,2,0,0,4652,0,110,360,1,0,1,4.700480365792417
447,LP002435,1,1,0,1,0,3539,1376,55,360,1,0,0,4.007333185232471
448,LP002443,1,1,2,1,0,3340,1710,150,360,0,0,0,5.0106352940962555
449,LP002444,1,0,1,0,1,2769,1542,190,360,1,1,0,5.247024072160486
450,LP002446,1,1,2,0,0,2309,1255,125,360,0,0,0,4.8283137373023015
451,LP002447,1,1,2,0,0,1958,1456,60,300,1,2,1,4.0943445622221
452,LP002448,1,1,0,1,0,3948,1733,149,360,0,0,0,5.003946305945459
453,LP002449,1,1,0,1,0,2483,2466,90,180,0,0,1,4.499809670330265
454,LP002453,1,0,0,1,1,7085,0,84,360,1,1,1,4.430816798843313
455,LP002455,1,1,2,1,0,3859,0,96,360,1,1,1,4.564348191467836
456,LP002459,1,1,0,1,0,4301,0,118,360,1,2,1,4.770684624465665
457,LP002467,1,1,0,1,0,3708,2569,173,360,1,2,0,5.153291594497779
458,LP002472,1,0,2,1,0,4354,0,136,360,1,0,1,4.912654885736052
459,LP002473,1,1,0,1,0,8334,0,160,360,1,1,0,5.075173815233827
460,LP002478,1,1,0,1,1,2083,4083,160,360,1,1,1,5.075173815233827
461,LP002484,1,1,3,1,0,7740,0,128,180,1,2,1,4.852030263919617
462,LP002487,1,1,0,1,0,3015,2188,153,360,1,0,1,5.030437921392435
463,LP002489,0,0,1,0,0,5191,0,132,360,1,1,1,4.882801922586371
464,LP002493,1,0,0,1,0,4166,0,98,360,0,1,0,4.584967478670572
465,LP002494,1,0,0,1,0,6000,0,140,360,1,0,1,4.941642422609304
466,LP002500,1,1,3,0,0,2947,1664,70,180,0,2,0,4.248495242049359
467,LP002501,1,1,0,1,0,16692,0,110,360,1,1,1,4.700480365792417
468,LP002502,0,1,2,0,0,210,2917,98,360,1,1,1,4.584967478670572
469,LP002505,1,1,0,1,0,4333,2451,110,360,1,2,0,4.700480365792417
470,LP002515,1,1,1,1,1,3450,2079,162,360,1,1,1,5.087596335232384
471,LP002517,1,1,1,0,0,2653,1500,113,180,0,0,0,4.727387818712341
472,LP002519,1,1,3,1,0,4691,0,100,360,1,1,1,4.605170185988092
473,LP002522,0,0,0,1,1,2500,0,93,360,1,2,1,4.532599493153256
474,LP002524,1,0,2,1,0,5532,4648,162,360,1,0,1,5.087596335232384
475,LP002527,1,1,2,1,1,16525,1014,150,360,1,0,1,5.0106352940962555
476,LP002529,1,1,2,1,0,6700,1750,230,300,1,1,1,5.438079308923196
477,LP002530,1,1,2,1,0,2873,1872,132,360,0,1,0,4.882801922586371
478,LP002531,1,1,1,1,1,16667,2250,86,360,1,1,1,4.454347296253507
479,LP002533,1,1,2,1,0,2947,1603,120,360,1,2,0,4.787491742782046
480,LP002534,0,0,0,0,0,4350,0,154,360,1,0,1,5.0369526024136295
481,LP002536,1,1,3,0,0,3095,0,113,360,1,0,1,4.727387818712341
482,LP002537,1,1,0,1,0,2083,3150,128,360,1,1,1,4.852030263919617
483,LP002541,1,1,0,1,0,10833,0,234,360,1,1,1,5.455321115357702
484,LP002543,1,1,2,1,0,8333,0,246,360,1,1,1,5.5053315359323625
485,LP002544,1,1,1,0,0,1958,2436,131,360,1,0,1,4.875197323201151
486,LP002545,1,0,2,1,0,3547,0,80,360,0,0,0,4.382026634673881
487,LP002547,1,1,1,1,0,18333,0,500,360,1,2,0,6.214608098422191
488,LP002555,1,1,2,1,1,4583,2083,160,360,1,1,1,5.075173815233827
489,LP002556,1,0,0,1,0,2435,0,75,360,1,2,0,4.31748811353631
490,LP002560,1,0,0,0,0,2699,2785,96,360,1,1,1,4.564348191467836
491,LP002562,1,1,1,0,0,5333,1131,186,360,1,2,1,5.225746673713202
492,LP002571,1,0,0,0,0,3691,0,110,360,1,0,1,4.700480365792417
493,LP002582,0,0,0,0,1,17263,0,225,360,1,1,1,5.41610040220442
494,LP002585,1,1,0,1,0,3597,2157,119,360,0,0,0,4.77912349311153
495,LP002586,0,1,1,1,0,3326,913,105,84,1,1,1,4.653960350157523
496,LP002587,1,1,0,0,0,2600,1700,107,360,1,0,1,4.672828834461906
497,LP002588,1,1,0,1,0,4625,2857,111,12,1,2,1,4.709530201312334
498,LP002600,1,1,1,1,1,2895,0,95,360,1,1,1,4.553876891600541
499,LP002602,1,0,0,1,0,6283,4416,209,360,0,0,0,5.342334251964811
500,LP002603,0,0,0,1,0,645,3683,113,480,1,0,1,4.727387818712341
501,LP002606,0,0,0,1,0,3159,0,100,360,1,1,1,4.605170185988092
502,LP002615,1,1,2,1,0,4865,5624,208,360,1,1,1,5.337538079701318
503,LP002618,1,1,1,0,0,4050,5302,138,360,1,0,0,4.927253685157205
504,LP002619,1,1,0,0,0,3814,1483,124,300,1,1,1,4.820281565605037
505,LP002622,1,1,2,1,0,3510,4416,243,360,1,0,1,5.493061443340548
506,LP002624,1,1,0,1,0,20833,6667,480,360,1,2,1,6.173786103901937
507,LP002625,1,0,0,1,0,3583,0,96,360,1,2,0,4.564348191467836
508,LP002626,1,1,0,1,1,2479,3013,188,360,1,2,1,5.236441962829949
509,LP002634,0,0,1,1,0,13262,0,40,360,1,2,1,3.6888794541139363
510,LP002637,1,0,0,0,0,3598,1287,100,360,1,0,0,4.605170185988092
511,LP002640,1,1,1,1,0,6065,2004,250,360,1,1,1,5.521460917862246
512,LP002643,1,1,2,1,0,3283,2035,148,360,1,2,1,4.997212273764115
513,LP002648,1,1,0,1,0,2130,6666,70,180,1,1,0,4.248495242049359
514,LP002652,1,0,0,1,0,5815,3666,311,360,1,0,0,5.739792912179234
515,LP002659,1,1,3,1,0,3466,3428,150,360,1,0,1,5.0106352940962555
516,LP002670,0,1,2,1,0,2031,1632,113,480,1,1,1,4.727387818712341
517,LP002682,1,1,0,0,0,3074,1800,123,360,0,1,0,4.812184355372417
518,LP002683,1,0,0,1,0,4683,1915,185,360,1,1,0,5.220355825078324
519,LP002684,0,0,0,0,0,3400,0,95,360,1,0,0,4.553876891600541
520,LP002689,1,1,2,0,0,2192,1742,45,360,1,1,1,3.8066624897703196
521,LP002690,1,0,0,1,0,2500,0,55,360,1,1,1,4.007333185232471
522,LP002692,1,1,3,1,1,5677,1424,100,360,1,0,1,4.605170185988092
523,LP002693,1,1,2,1,1,7948,7166,480,360,1,0,1,6.173786103901937
524,LP002697,1,0,0,1,0,4680,2087,120,360,1,1,0,4.787491742782046
525,LP002699,1,1,2,1,1,17500,0,400,360,1,0,1,5.991464547107982
526,LP002705,1,1,0,1,0,3775,0,110,360,1,1,1,4.700480365792417
527,LP002706,1,1,1,0,0,5285,1430,161,360,0,1,1,5.081404364984463
528,LP002714,1,0,1,0,0,2679,1302,94,360,1,1,1,4.543294782270004
529,LP002716,1,0,0,0,0,6783,0,130,360,1,1,1,4.867534450455582
530,LP002717,1,1,0,1,0,1025,5500,216,360,1,0,1,5.375278407684165
531,LP002720,1,1,3,1,0,4281,0,100,360,1,2,1,4.605170185988092
532,LP002723,1,0,2,1,0,3588,0,110,360,0,0,0,4.700480365792417
533,LP002729,1,0,1,1,0,11250,0,196,360,1,1,0,5.278114659230517
534,LP002731,0,0,0,0,1,18165,0,125,360,1,2,1,4.8283137373023015
535,LP002732,1,0,0,0,0,2550,2042,126,360,1,0,1,4.836281906951478
536,LP002734,1,1,0,1,0,6133,3906,324,360,1,2,1,5.780743515792329
537,LP002738,1,0,2,1,0,3617,0,107,360,1,1,1,4.672828834461906
538,LP002739,1,1,0,0,0,2917,536,66,360,1,0,0,4.189654742026425
539,LP002740,1,1,3,1,0,6417,0,157,180,1,0,1,5.056245805348308
540,LP002741,0,1,1,1,0,4608,2845,140,180,1,1,1,4.941642422609304
541,LP002743,0,0,0,1,0,2138,0,99,360,0,1,0,4.59511985013459
542,LP002753,0,0,1,1,0,3652,0,95,360,1,1,1,4.553876891600541
543,LP002755,1,1,1,0,0,2239,2524,128,360,1,2,1,4.852030263919617
544,LP002757,0,1,0,0,0,3017,663,102,360,1,1,1,4.624972813284271
545,LP002767,1,1,0,1,0,2768,1950,155,360,1,0,1,5.043425116919247
546,LP002768,1,0,0,0,0,3358,0,80,36,1,1,0,4.382026634673881
547,LP002772,1,0,0,1,0,2526,1783,145,360,1,0,1,4.976733742420574
548,LP002776,0,0,0,1,0,5000,0,103,360,0,1,0,4.634728988229636
549,LP002777,1,1,0,1,0,2785,2016,110,360,1,0,1,4.700480365792417
550,LP002778,1,1,2,1,1,6633,0,120,360,0,0,0,4.787491742782046
551,LP002784,1,1,1,0,0,2492,2375,120,360,1,0,1,4.787491742782046
552,LP002785,1,1,1,1,0,3333,3250,158,360,1,2,1,5.062595033026967
553,LP002788,1,1,0,0,0,2454,2333,181,360,0,2,0,5.198497031265826
554,LP002789,1,1,0,1,0,3593,4266,132,180,0,0,0,4.882801922586371
555,LP002792,1,1,1,1,0,5468,1032,26,360,1,1,1,3.258096538021482
556,LP002794,0,0,0,1,0,2667,1625,84,360,1,2,1,4.430816798843313
557,LP002795,1,1,3,1,1,10139,0,260,360,1,1,1,5.560681631015528
558,LP002798,1,1,0,1,0,3887,2669,162,360,1,1,1,5.087596335232384
559,LP002804,0,1,0,1,0,4180,2306,182,360,1,1,1,5.204006687076795
560,LP002807,1,1,2,0,0,3675,242,108,360,1,1,1,4.68213122712422
561,LP002813,0,1,1,1,1,19484,0,600,360,1,1,1,6.396929655216146
562,LP002820,1,1,0,1,0,5923,2054,211,360,1,0,1,5.351858133476067
563,LP002821,1,0,0,0,1,5800,0,132,360,1,1,1,4.882801922586371
564,LP002832,1,1,2,1,0,8799,0,258,360,0,2,0,5.552959584921617
565,LP002833,1,1,0,0,0,4467,0,120,360,1,0,1,4.787491742782046
566,LP002836,1,0,0,1,0,3333,0,70,360,1,2,1,4.248495242049359
567,LP002837,1,1,3,1,0,3400,2500,123,360,0,0,0,4.812184355372417
568,LP002840,0,0,0,1,0,2378,0,9,360,1,2,0,2.1972245773362196
569,LP002841,1,1,0,1,0,3166,2064,104,360,0,2,0,4.6443908991413725
570,LP002842,1,1,1,1,0,3417,1750,186,360,1,2,1,5.225746673713202
571,LP002847,1,1,0,1,0,5116,1451,165,360,0,2,0,5.10594547390058
572,LP002855,1,1,2,1,0,16666,0,275,360,1,2,1,5.616771097666572
573,LP002862,1,1,2,0,0,6125,1625,187,480,1,1,0,5.231108616854587
574,LP002863,1,1,3,1,0,6406,0,150,360,1,1,0,5.0106352940962555
575,LP002868,1,1,2,1,0,3159,461,108,84,1,2,1,4.68213122712422
576,LP002872,1,1,0,1,0,3087,2210,136,360,0,1,0,4.912654885736052
577,LP002874,1,0,0,1,0,3229,2739,110,360,1,2,1,4.700480365792417
578,LP002877,1,1,1,1,0,1782,2232,107,360,1,0,1,4.672828834461906
579,LP002888,1,0,0,1,0,3182,2917,161,360,1,2,1,5.081404364984463
580,LP002892,1,1,2,1,0,6540,0,205,360,1,1,1,5.3230099791384085
581,LP002893,1,0,0,1,0,1836,33837,90,360,1,2,0,4.499809670330265
582,LP002894,0,1,0,1,0,3166,0,36,360,1,1,1,3.58351893845611
583,LP002898,1,1,1,1,0,1880,0,61,360,1,0,0,4.110873864173311
584,LP002911,1,1,1,1,0,2787,1917,146,360,0,0,0,4.983606621708336
585,LP002912,1,1,1,1,0,4283,3000,172,84,1,0,0,5.147494476813453
586,LP002916,1,1,0,1,0,2297,1522,104,360,1,2,1,4.6443908991413725
587,LP002917,0,0,0,0,0,2165,0,70,360,1,1,1,4.248495242049359
588,LP002925,1,0,0,1,0,4750,0,94,360,1,1,1,4.543294782270004
589,LP002926,1,1,2,1,1,2726,0,106,360,0,1,0,4.663439094112067
590,LP002928,1,1,0,1,0,3000,3416,56,180,1,1,1,4.02535169073515
591,LP002931,1,1,2,1,1,6000,0,205,240,1,1,0,5.3230099791384085
592,LP002933,1,0,3,1,1,9357,0,292,360,1,1,1,5.676753802268282
593,LP002936,1,1,0,1,0,3859,3300,142,180,1,0,1,4.955827057601261
594,LP002938,1,1,0,1,1,16120,0,260,360,1,2,1,5.560681631015528
595,LP002940,1,0,0,0,0,3833,0,110,360,1,0,1,4.700480365792417
596,LP002941,1,1,2,0,1,6383,1000,187,360,1,0,0,5.231108616854587
597,LP002943,1,0,0,1,0,2987,0,88,360,0,1,0,4.477336814478207
598,LP002945,1,1,0,1,1,9963,0,180,360,1,0,1,5.19295685089021
599,LP002948,1,1,2,1,0,5780,0,192,360,1,2,1,5.2574953720277815
600,LP002949,0,0,3,1,0,416,41667,350,180,1,2,0,5.857933154483459
601,LP002950,1,1,0,0,0,2894,2792,155,360,1,0,1,5.043425116919247
602,LP002953,1,1,3,1,0,5703,0,128,360,1,2,1,4.852030263919617
603,LP002958,1,0,0,1,0,3676,4301,172,360,1,0,1,5.147494476813453
604,LP002959,0,1,1,1,0,12000,0,496,360,1,1,1,6.206575926724928
605,LP002960,1,1,0,0,0,2400,3800,120,180,1,2,0,4.787491742782046
606,LP002961,1,1,1,1,0,3400,2500,173,360,1,1,1,5.153291594497779
607,LP002964,1,1,2,0,0,3987,1411,157,360,1,0,1,5.056245805348308
608,LP002974,1,1,0,1,0,3232,1950,108,360,1,0,1,4.68213122712422
609,LP002978,0,0,0,1,0,2900,0,71,360,1,0,1,4.2626798770413155
610,LP002979,1,1,3,1,0,4106,0,40,180,1,0,1,3.6888794541139363
611,LP002983,1,1,1,1,0,8072,240,253,360,1,2,1,5.53338948872752
612,LP002984,1,1,2,1,0,7583,0,187,360,1,2,1,5.231108616854587
613,LP002990,0,0,0,1,1,4583,0,133,360,0,1,0,4.890349128221754
